<?xml version="1.0" encoding="UTF-8"?>
<project-private xmlns="http://www.netbeans.org/ns/project-private/1">
    <editor-bookmarks xmlns="http://www.netbeans.org/ns/editor-bookmarks/2" lastBookmarkId="1"/>
    <open-files xmlns="http://www.netbeans.org/ns/projectui-open-files/2">
        <group>
            <file>file:/home/sartika/NetBeansProjects/LATIHAN/Latihan/IntroPanel.java</file>
            <file>file:/home/sartika/NetBeansProjects/LATIHAN/Latihan/FlowPanel.java</file>
            <file>file:/home/sartika/NetBeansProjects/LATIHAN/Latihan/BoxPanel.java</file>
            <file>file:/home/sartika/NetBeansProjects/LATIHAN/Latihan/LayoutDemo.java</file>
            <file>file:/home/sartika/NetBeansProjects/LATIHAN/Latihan/GridPanel.java</file>
            <file>file:/home/sartika/NetBeansProjects/LATIHAN/Latihan/BorderPanel.java</file>
        </group>
    </open-files>
</project-private>
